{
    "uvs": [],
    "vertices": [0,-0.13462,-0.746295,0,0.112587,-0.746295,0.19509,-0.17664,-0.980785,0.19509,0.154607,-0.980785,0.382683,-0.17664,-0.92388,0.382683,0.154607,-0.92388,0.414619,-0.13462,-0.620522,0.414619,0.112587,-0.620522,0.52771,-0.13462,-0.52771,0.52771,0.112587,-0.52771,0.83147,-0.17664,-0.55557,0.83147,0.154607,-0.55557,0.92388,-0.17664,-0.382683,0.92388,0.154607,-0.382683,0.731955,-0.13462,-0.145595,0.731955,0.112587,-0.145595,0.746295,-0.13462,-0,0.746295,0.112587,-0,0.980785,-0.17664,0.19509,0.980785,0.154607,0.19509,0.92388,-0.17664,0.382683,0.92388,0.154607,0.382683,0.620522,-0.13462,0.414619,0.620522,0.112587,0.414619,0.52771,-0.13462,0.52771,0.52771,0.112587,0.52771,0.55557,-0.17664,0.83147,0.55557,0.154607,0.83147,0.382683,-0.17664,0.92388,0.382683,0.154607,0.92388,0.145595,-0.13462,0.731955,0.145595,0.112587,0.731955,-0,-0.13462,0.746295,-0,0.112587,0.746295,-0.195091,-0.17664,0.980785,-0.195091,0.154607,0.980785,-0.382684,-0.17664,0.923879,-0.382684,0.154607,0.923879,-0.41462,-0.13462,0.620521,-0.41462,0.112587,0.620521,-0.527711,-0.13462,0.52771,-0.527711,0.112587,0.52771,-0.83147,-0.17664,0.55557,-0.83147,0.154607,0.55557,-0.92388,-0.17664,0.382683,-0.92388,0.154607,0.382683,-0.731955,-0.13462,0.145594,-0.731955,0.112587,0.145594,-0.746295,-0.13462,-1e-06,-0.746295,0.112587,-1e-06,-0.980785,-0.17664,-0.195091,-0.980785,0.154607,-0.195091,-0.923879,-0.17664,-0.382684,-0.923879,0.154607,-0.382684,-0.620521,-0.13462,-0.41462,-0.620521,0.112587,-0.41462,-0.52771,-0.13462,-0.527711,-0.52771,0.112587,-0.527711,-0.555569,-0.17664,-0.83147,-0.555569,0.154607,-0.83147,-0.382682,-0.17664,-0.92388,-0.382682,0.154607,-0.92388,-0.145594,-0.13462,-0.731955,-0.145594,0.112587,-0.731955],
    "metadata": {
        "generator": "io_three",
        "uvs": 0,
        "vertices": 64,
        "version": 3,
        "type": "Geometry",
        "normals": 64,
        "faces": 92
    },
    "faces": [33,0,1,3,2,0,1,2,3,33,2,3,5,4,3,2,4,5,33,4,5,7,6,5,4,6,7,33,6,7,9,8,7,6,8,9,33,8,9,11,10,9,8,10,11,33,10,11,13,12,11,10,12,13,33,12,13,15,14,13,12,14,15,33,14,15,17,16,15,14,16,17,33,16,17,19,18,17,16,18,19,33,18,19,21,20,19,18,20,21,33,20,21,23,22,21,20,22,23,33,22,23,25,24,23,22,24,25,33,24,25,27,26,25,24,26,27,33,26,27,29,28,27,26,28,29,33,28,29,31,30,29,28,30,31,33,30,31,33,32,31,30,32,33,33,32,33,35,34,33,32,34,35,33,34,35,37,36,35,34,36,37,33,36,37,39,38,37,36,38,39,33,38,39,41,40,39,38,40,41,33,40,41,43,42,41,40,42,43,33,42,43,45,44,43,42,44,45,33,44,45,47,46,45,44,46,47,33,46,47,49,48,47,46,48,49,33,48,49,51,50,49,48,50,51,33,50,51,53,52,51,50,52,53,33,52,53,55,54,53,52,54,55,33,54,55,57,56,55,54,56,57,33,56,57,59,58,57,56,58,59,33,58,59,61,60,59,58,60,61,32,3,1,5,2,1,4,32,63,61,59,62,60,58,32,1,7,5,1,6,4,32,63,59,57,62,58,56,32,1,63,7,1,62,6,32,63,57,7,62,56,6,32,57,9,7,56,8,6,32,13,11,9,12,10,8,32,57,55,9,56,54,8,32,55,13,9,54,12,8,32,55,53,13,54,52,12,32,53,51,13,52,50,12,32,51,15,13,50,14,12,32,51,49,15,50,48,14,32,49,17,15,48,16,14,32,49,47,17,48,46,16,32,47,19,17,46,18,16,32,47,45,19,46,44,18,32,45,21,19,44,20,18,32,45,43,21,44,42,20,32,43,23,21,42,22,20,32,43,41,23,42,40,22,32,41,25,23,40,24,22,32,41,39,25,40,38,24,32,39,31,25,38,30,24,32,31,27,25,30,26,24,32,39,37,33,38,36,32,32,39,33,31,38,32,30,32,31,29,27,30,28,26,32,37,35,33,36,34,32,33,1,0,62,63,1,0,63,62,33,60,61,63,62,61,60,62,63,32,32,34,36,33,35,37,32,26,28,30,27,29,31,32,32,36,38,33,37,39,32,24,26,30,25,27,31,32,30,32,38,31,33,39,32,24,30,38,25,31,39,32,24,38,40,25,39,41,32,40,42,44,41,43,45,32,22,24,40,23,25,41,32,22,40,44,23,41,45,32,20,22,44,21,23,45,32,18,20,44,19,21,45,32,18,44,46,19,45,47,32,16,18,46,17,19,47,32,16,46,48,17,47,49,32,14,16,48,15,17,49,32,14,48,50,15,49,51,32,12,14,50,13,15,51,32,12,50,52,13,51,53,32,10,12,52,11,13,53,32,10,52,54,11,53,55,32,8,54,56,9,55,57,32,8,10,54,9,11,55,32,6,8,56,7,9,57,32,56,58,62,57,59,63,32,6,56,62,7,57,63,32,0,6,62,0,7,63,32,0,4,6,0,5,7,32,58,60,62,59,61,63,32,0,2,4,0,3,5],
    "normals": [-0.382,-0.612964,-0.69161,-0.382,0.612964,-0.69161,-0.202948,0.61742,-0.759972,-0.202948,-0.61742,-0.759972,0.59096,0.61742,-0.51915,0.59096,-0.61742,-0.51915,0.701865,0.612964,-0.362804,0.701865,-0.612964,-0.362804,0.218909,0.612964,-0.759148,0.218909,-0.612964,-0.759148,0.393872,0.61742,-0.680898,0.393872,-0.61742,-0.680898,0.784967,0.61742,0.050783,0.784967,-0.61742,0.050783,0.752831,0.612964,0.239723,0.752831,-0.612964,0.239723,0.69161,0.612964,-0.382,0.69161,-0.612964,-0.382,0.759972,0.61742,-0.202948,0.759972,-0.61742,-0.202948,0.51915,0.61742,0.59096,0.51915,-0.61742,0.59096,0.362804,0.612964,0.701865,0.362804,-0.612964,0.701865,0.759148,0.612964,0.218909,0.759148,-0.612964,0.218909,0.680898,0.61742,0.393872,0.680898,-0.61742,0.393872,-0.050783,0.61742,0.784967,-0.050783,-0.61742,0.784967,-0.239723,0.612964,0.752831,-0.239723,-0.612964,0.752831,0.382,0.612964,0.69161,0.382,-0.612964,0.69161,0.202948,0.61742,0.759972,0.202948,-0.61742,0.759972,-0.59096,0.61742,0.51915,-0.59096,-0.61742,0.51915,-0.701865,0.612964,0.362804,-0.701865,-0.612964,0.362804,-0.218909,0.612964,0.759148,-0.218909,-0.612964,0.759148,-0.393872,0.61742,0.680898,-0.393872,-0.61742,0.680898,-0.784967,0.61742,-0.050783,-0.784967,-0.61742,-0.050783,-0.752831,0.612964,-0.239723,-0.752831,-0.612964,-0.239723,-0.69161,0.612964,0.382,-0.69161,-0.612964,0.382,-0.759972,0.61742,0.202948,-0.759972,-0.61742,0.202948,-0.51915,0.61742,-0.59096,-0.51915,-0.61742,-0.59096,-0.362804,0.612964,-0.701865,-0.362804,-0.612964,-0.701865,-0.759148,0.612964,-0.218909,-0.759148,-0.612964,-0.218909,-0.680898,0.61742,-0.393872,-0.680898,-0.61742,-0.393872,0.050783,0.61742,-0.784967,0.050783,-0.61742,-0.784967,0.239723,0.612964,-0.752831,0.239723,-0.612964,-0.752831],
    "name": "CylinderGeometry"
}