{
    "uvs": [[0.332765,0.749659,0.249659,0.749659,0.249659,0.500341,0.332765,0.500341,0.332765,0.249659,0.415871,0.249659,0.41587,0.000341,0.332765,0.000341,0.166553,0.749659,0.083447,0.749659,0.083447,0.500341,0.166553,0.500341,0.583447,0.500341,0.666553,0.500341,0.666553,0.749659,0.583447,0.749659,0.333447,0.500341,0.416553,0.500341,0.416553,0.749659,0.333447,0.749659,0.250341,0.750341,0.333447,0.750341,0.333447,0.999659,0.250341,0.999659,0.416553,0.250341,0.499659,0.250341,0.499659,0.499659,0.416553,0.499659,0.499659,0.500341,0.499659,0.749659,0.916553,0.250341,0.999659,0.250341,0.999659,0.499659,0.916553,0.499659,0.832765,0.250341,0.749659,0.250341,0.749659,0.499659,0.832764,0.499659,0.582082,0.249659,0.498977,0.249659,0.498976,0.000341,0.582082,0.000341,0.000341,0.750341,0.083447,0.750341,0.083447,0.999659,0.000341,0.999659,0.332765,0.250341,0.415871,0.250342,0.415871,0.499659,0.332765,0.499659,0.166553,0.249659,0.083447,0.249659,0.083447,0.000342,0.166553,0.000342,0.166553,0.750341,0.166553,0.999659,0.91587,0.000341,0.998976,0.000341,0.998976,0.249659,0.915871,0.249659,0.833447,0.500341,0.916553,0.500341,0.916553,0.749659,0.833447,0.749659,0.832765,0.000341,0.832765,0.249659,0.750341,0.500341,0.750341,0.749659,0.249659,0.249659,0.249659,0.000342,0.000341,0.749659,0.000341,0.500341,0.417917,0.750341,0.501023,0.750341,0.501023,0.999659,0.417917,0.999659,0.748976,0.000341,0.832082,0.000341,0.832082,0.249659,0.748976,0.249659,0.249659,0.250341,0.249659,0.499659,0.166553,0.250341,0.166553,0.499659,0.000341,0.249659,0.000341,0.000342,0.582765,0.500341,0.582765,0.749659,0.083447,0.250341,0.083447,0.499659,0.665871,0.250341,0.748976,0.250341,0.748976,0.499659,0.665871,0.499659,0.665871,0.000341,0.665871,0.249659,0.91587,0.250341,0.91587,0.499659,0.000341,0.250341,0.000341,0.499659,0.665188,0.249659,0.665188,0.000341,0.582765,0.250341,0.582765,0.499659,0.749659,0.500341,0.749659,0.749659,0.334129,0.750341,0.417235,0.750341,0.417235,0.999659,0.334129,0.999659,0.167235,0.750341,0.167235,0.999659]],
    "normals": [-0.894406,0,0.447188,-1,0,0,-0.707083,0,0.707083,-0.707083,0,-0.707083,0,0,1,-0.447188,0,-0.894406,0,0,-1,0.894406,0,0.447188,1,0,0,0.707083,0,-0.707083,0.707083,0,0.707083,-0.447188,0,0.894406],
    "faces": [43,39,38,80,81,0,0,1,2,3,0,1,1,0,43,24,29,71,66,0,4,5,6,7,2,2,2,2,43,37,11,53,79,0,8,9,10,11,1,3,3,1,43,27,32,74,69,0,12,13,14,15,4,2,2,4,43,8,7,49,50,0,16,17,18,19,5,6,6,5,43,21,26,68,63,0,20,21,22,23,2,4,4,2,43,4,3,45,46,0,24,25,26,27,7,8,8,7,43,7,0,42,49,0,17,28,29,18,6,9,9,6,43,22,8,50,64,0,30,31,32,33,1,5,5,1,43,34,33,75,76,0,34,35,36,37,2,1,1,2,43,38,37,79,80,0,1,8,11,2,1,1,1,1,43,23,28,70,65,0,38,39,40,41,4,2,2,4,43,6,5,47,48,0,42,43,44,45,7,8,8,7,43,12,41,83,54,0,46,47,48,49,2,0,0,2,43,20,19,61,62,0,50,51,52,53,2,2,2,2,43,5,4,46,47,0,43,54,55,44,8,7,7,8,43,9,8,50,51,0,56,57,58,59,6,5,5,6,43,40,39,81,82,0,60,61,62,63,1,0,0,1,43,10,9,51,52,0,64,56,59,65,5,6,6,5,43,41,40,82,83,0,66,60,63,67,0,1,1,0,43,25,24,66,67,0,68,4,7,69,2,2,2,2,43,11,10,52,53,0,9,70,71,10,3,5,5,3,43,6,17,59,48,0,72,73,74,75,7,4,4,7,43,30,35,77,72,0,76,77,78,79,2,4,4,2,43,13,12,54,55,0,80,46,49,81,4,2,2,4,43,14,13,55,56,0,82,80,81,83,4,4,4,4,43,4,19,61,46,0,84,51,52,85,7,2,2,7,43,0,6,48,42,0,28,86,87,29,9,7,7,9,43,29,28,70,71,0,5,39,40,6,2,2,2,2,43,15,14,56,57,0,88,82,83,89,4,4,4,4,43,1,16,58,43,0,90,91,92,93,10,11,11,10,43,31,30,72,73,0,94,76,79,95,1,2,2,1,43,34,39,81,76,0,34,96,97,37,2,0,0,2,43,16,15,57,58,0,98,88,89,99,11,4,4,11,43,18,23,65,60,0,100,38,41,101,4,4,4,4,43,2,1,43,44,0,102,90,93,103,8,10,10,8,43,32,10,52,74,0,13,104,105,14,2,5,5,2,43,36,41,83,78,0,106,107,108,109,4,0,0,4,43,16,21,63,58,0,110,20,23,111,11,2,2,11,43,3,2,44,45,0,25,102,103,26,8,8,8,8,43,20,25,67,62,0,50,68,69,53,2,2,2,2],
    "materials": [{
        "colorEmissive": [0,0,0],
        "depthTest": true,
        "transparent": false,
        "mapDiffuseRepeat": [1,1],
        "visible": true,
        "colorSpecular": [0.5,0.5,0.5],
        "depthWrite": true,
        "mapDiffuse": "marbre.jpg",
        "mapDiffuseAnisotropy": 1,
        "mapDiffuseWrap": ["RepeatWrapping","RepeatWrapping"],
        "DbgColor": 15658734,
        "wireframe": false,
        "specularCoef": 50,
        "blending": "NormalBlending",
        "colorDiffuse": [0.64,0.64,0.64],
        "shading": "phong",
        "DbgName": "MazeMaterial",
        "colorAmbient": [0.64,0.64,0.64],
        "opacity": 1,
        "DbgIndex": 0
    }],
    "vertices": [-15,1e-06,18,-15,-1e-06,-18,-15,-1e-06,-12,-15,-0,-6,-15,0,1e-06,-15,0,6,-15,1e-06,12,-9,1e-06,18,-3,1e-06,18,3,1e-06,18,9,1e-06,18,15,1e-06,18,15,-1e-06,-18,9,-1e-06,-18,3,-1e-06,-18,-3,-1e-06,-18,-9,-1e-06,-18,-9,1e-06,12,-9,0,6,-9,-0,-0,-9,-0,-6,-9,-1e-06,-12,-3,1e-06,12,-3,0,6,-3,-0,-0,-3,-0,-6,-3,-1e-06,-12,3,1e-06,12,3,0,6,3,-0,-0,3,-0,-6,3,-1e-06,-12,9,1e-06,12,9,0,6,9,-0,-0,9,-0,-6,9,-1e-06,-12,15,1e-06,12,15,0,6,15,-0,-0,15,-0,-6,15,-1e-06,-12,-15,6,18,-15,6,-18,-15,6,-12,-15,6,-6,-15,6,0,-15,6,6,-15,6,12,-9,6,18,-3,6,18,3,6,18,9,6,18,15,6,18,15,6,-18,9,6,-18,3,6,-18,-3,6,-18,-9,6,-18,-9,6,12,-9,6,6,-9,6,-1e-06,-9,6,-6,-9,6,-12,-3,6,12,-3,6,6,-3,6,-1e-06,-3,6,-6,-3,6,-12,3,6,12,3,6,6,3,6,-1e-06,3,6,-6,3,6,-12,9,6,12,9,6,6,9,6,-1e-06,9,6,-6,9,6,-12,15,6,12,15,6,6,15,6,-1e-06,15,6,-6,15,6,-12],
    "metadata": {
        "uvs": 1,
        "normals": 12,
        "version": 3,
        "generator": "io_three",
        "type": "Geometry",
        "faces": 41,
        "materials": 1,
        "vertices": 84
    },
    "name": "MazeMeshGeometry.1"
}